pesticide_category,product_name,product_key,raw_composition,current_parsed_substances,primary_category,warning_codes,root_cause,generic_fix_possible,source_data_corrupted,manual_review_required,action_taken,final_status,notes
herbicides,Фортиссимо,фортиссимо-018-03-4280-1,"(200 г/л 2,4-Д кислота(сложный 2-этилгексиловый эфир) + 10 г/л Аминопиралид + 5 г/л флорасулам))","[{""name"": ""2,4 - Д кислота ( сложный 2 - этилгексиловый эфир"", ""concentration"": 200.0, ""unit"": ""г/л"", ""is_antidote"": false}, {""name"": ""Аминопиралид"", ""concentration"": 10.0, ""unit"": ""г/л"", ""is_antidote"": false}, {""name"": ""флорасулам"", ""concentration"": 5.0, ""unit"": ""г/л"", ""is_antidote"": false}]",malformed_delimiters,malformed_delimiters,Unbalanced parentheses indicate truncated or malformed source composition text.,no,yes,yes,No parser rewrite; warning preserved to avoid hiding source-data corruption.,still_flagged_manual_review,Manual source-data review required before changing concentrations or substance names. Risk if left unchanged: Truncated or unbalanced text may omit substances or concentrations; unsafe for agronomic decisions without review.
herbicides,Илион,илион-018-03-1104-1,(90 г/л Клопиралид (2-этилгексиловый эфир),"[{""name"": ""Клопиралид ( 2 - этилгексиловый эфир"", ""concentration"": 90.0, ""unit"": ""г/л"", ""is_antidote"": false}]",malformed_delimiters,malformed_delimiters,Unbalanced parentheses indicate truncated or malformed source composition text.,no,yes,yes,No parser rewrite; warning preserved to avoid hiding source-data corruption.,still_flagged_manual_review,Manual source-data review required before changing concentrations or substance names. Risk if left unchanged: Truncated or unbalanced text may omit substances or concentrations; unsafe for agronomic decisions without review.
herbicides,Репер,репер-018-03-4553-1,(100 г/л Клопиралид (2-этилгексиловый эфир),"[{""name"": ""Клопиралид ( 2 - этилгексиловый эфир"", ""concentration"": 100.0, ""unit"": ""г/л"", ""is_antidote"": false}]",malformed_delimiters,malformed_delimiters,Unbalanced parentheses indicate truncated or malformed source composition text.,no,yes,yes,No parser rewrite; warning preserved to avoid hiding source-data corruption.,still_flagged_manual_review,Manual source-data review required before changing concentrations or substance names. Risk if left unchanged: Truncated or unbalanced text may omit substances or concentrations; unsafe for agronomic decisions without review.
herbicides,Репер Трио,репер-трио-018-03-3211-1,(267 г/л Клопиралид (сложный 2-этилгексиловый эфир),"[{""name"": ""Клопиралид ( сложный 2 - этилгексиловый эфир"", ""concentration"": 267.0, ""unit"": ""г/л"", ""is_antidote"": false}]",malformed_delimiters,malformed_delimiters,Unbalanced parentheses indicate truncated or malformed source composition text.,no,yes,yes,No parser rewrite; warning preserved to avoid hiding source-data corruption.,still_flagged_manual_review,Manual source-data review required before changing concentrations or substance names. Risk if left unchanged: Truncated or unbalanced text may omit substances or concentrations; unsafe for agronomic decisions without review.
herbicides,Эфилон,эфилон-197-116-03-4439-1,(450 г/л Клопиралид(2-этилгексил овый эфир),"[{""name"": ""Клопиралид ( 2 - этилгексил овый эфир"", ""concentration"": 450.0, ""unit"": ""г/л"", ""is_antidote"": false}]",malformed_delimiters,malformed_delimiters,Unbalanced parentheses indicate truncated or malformed source composition text.,no,yes,yes,No parser rewrite; warning preserved to avoid hiding source-data corruption.,still_flagged_manual_review,Manual source-data review required before changing concentrations or substance names. Risk if left unchanged: Truncated or unbalanced text may omit substances or concentrations; unsafe for agronomic decisions without review.
herbicides,Корнкордия,корнкордия-002-03-4435-0,"(75 г/л Мезотрион + 37,5 г/л никосульфурон + 96 г/л дикамба кислота (диметиламинная соль)","[{""name"": ""Мезотрион"", ""concentration"": 75.0, ""unit"": ""г/л"", ""is_antidote"": false}, {""name"": ""никосульфурон"", ""concentration"": 37.5, ""unit"": ""г/л"", ""is_antidote"": false}, {""name"": ""дикамба кислота ( диметиламинная соль"", ""concentration"": 96.0, ""unit"": ""г/л"", ""is_antidote"": false}]",malformed_delimiters,malformed_delimiters,Unbalanced parentheses indicate truncated or malformed source composition text.,no,yes,yes,No parser rewrite; warning preserved to avoid hiding source-data corruption.,still_flagged_manual_review,Manual source-data review required before changing concentrations or substance names. Risk if left unchanged: Truncated or unbalanced text may omit substances or concentrations; unsafe for agronomic decisions without review.
herbicides,Агроксон,агроксон-024-03-1052-1,(750 г/л МЦПА (диметиламинная соль),"[{""name"": ""МЦПА ( диметиламинная соль"", ""concentration"": 750.0, ""unit"": ""г/л"", ""is_antidote"": false}]",malformed_delimiters,malformed_delimiters,Unbalanced parentheses indicate truncated or malformed source composition text.,no,yes,yes,No parser rewrite; warning preserved to avoid hiding source-data corruption.,still_flagged_manual_review,Manual source-data review required before changing concentrations or substance names. Risk if left unchanged: Truncated or unbalanced text may omit substances or concentrations; unsafe for agronomic decisions without review.
herbicides,Дикопур М,дикопур-м-024-03-2471-1,(750 г/л МЦПА (диметиламинная соль),"[{""name"": ""МЦПА ( диметиламинная соль"", ""concentration"": 750.0, ""unit"": ""г/л"", ""is_antidote"": false}]",malformed_delimiters,malformed_delimiters,Unbalanced parentheses indicate truncated or malformed source composition text.,no,yes,yes,No parser rewrite; warning preserved to avoid hiding source-data corruption.,still_flagged_manual_review,Manual source-data review required before changing concentrations or substance names. Risk if left unchanged: Truncated or unbalanced text may omit substances or concentrations; unsafe for agronomic decisions without review.
herbicides,Горгон,горгон-021-03-4837-0,(350 г/л МЦПА (диметиламинная соль),"[{""name"": ""МЦПА ( диметиламинная соль"", ""concentration"": 350.0, ""unit"": ""г/л"", ""is_antidote"": false}]",malformed_delimiters,malformed_delimiters,Unbalanced parentheses indicate truncated or malformed source composition text.,no,yes,yes,No parser rewrite; warning preserved to avoid hiding source-data corruption.,still_flagged_manual_review,Manual source-data review required before changing concentrations or substance names. Risk if left unchanged: Truncated or unbalanced text may omit substances or concentrations; unsafe for agronomic decisions without review.
herbicides,Дикогерб Супер,дикогерб-супер-024-03-1318-1,(660 г/л МЦПА + 90 г/л дикамба (диметиламинные соли),"[{""name"": ""МЦПА"", ""concentration"": 660.0, ""unit"": ""г/л"", ""is_antidote"": false}, {""name"": ""дикамба ( диметиламинные соли"", ""concentration"": 90.0, ""unit"": ""г/л"", ""is_antidote"": false}]",malformed_delimiters,malformed_delimiters,Unbalanced parentheses indicate truncated or malformed source composition text.,no,yes,yes,No parser rewrite; warning preserved to avoid hiding source-data corruption.,still_flagged_manual_review,Manual source-data review required before changing concentrations or substance names. Risk if left unchanged: Truncated or unbalanced text may omit substances or concentrations; unsafe for agronomic decisions without review.
herbicides,Горгон,горгон-021-03-1726-1,(350 г/л МЦПА + 150 г/л пиклорам (диметилэтаноламинные соли),"[{""name"": ""МЦПА"", ""concentration"": 350.0, ""unit"": ""г/л"", ""is_antidote"": false}, {""name"": ""пиклорам ( диметилэтаноламинные соли"", ""concentration"": 150.0, ""unit"": ""г/л"", ""is_antidote"": false}]",malformed_delimiters,malformed_delimiters,Unbalanced parentheses indicate truncated or malformed source composition text.,no,yes,yes,No parser rewrite; warning preserved to avoid hiding source-data corruption.,still_flagged_manual_review,Manual source-data review required before changing concentrations or substance names. Risk if left unchanged: Truncated or unbalanced text may omit substances or concentrations; unsafe for agronomic decisions without review.
herbicides,"МЦПА кислоты (калиевая, натриевая соль) Гербитокс-Л",мцпа-кислоты-калиевая-натриевая-соль-гербитокс-л-021-03-1848-1,"(300 г/л МЦПА кислоты (калиевая, натриевая соль)","[{""name"": ""МЦПА кислоты ( калиевая, натриевая соль"", ""concentration"": 300.0, ""unit"": ""г/л"", ""is_antidote"": false}]",malformed_delimiters,malformed_delimiters,Unbalanced parentheses indicate truncated or malformed source composition text.,no,yes,yes,No parser rewrite; warning preserved to avoid hiding source-data corruption.,still_flagged_manual_review,Manual source-data review required before changing concentrations or substance names. Risk if left unchanged: Truncated or unbalanced text may omit substances or concentrations; unsafe for agronomic decisions without review.
herbicides,"МЦПА кислоты (смесь диметиламинной, калиевой, натриевой солей) Линтаплант",мцпа-кислоты-смесь-диметиламинной-калиевой-натриевой-солей-линтаплант-024-03-2819-1,"(500 г/л МЦПА кислоты (смесь диметиламинной, калиевой, натриевой солей)","[{""name"": ""МЦПА кислоты ( смесь диметиламинной, калиевой, натриевой солей"", ""concentration"": 500.0, ""unit"": ""г/л"", ""is_antidote"": false}]",malformed_delimiters,malformed_delimiters,Unbalanced parentheses indicate truncated or malformed source composition text.,no,yes,yes,No parser rewrite; warning preserved to avoid hiding source-data corruption.,still_flagged_manual_review,Manual source-data review required before changing concentrations or substance names. Risk if left unchanged: Truncated or unbalanced text may omit substances or concentrations; unsafe for agronomic decisions without review.
herbicides,Линтаплант,линтаплант-024-03-2819-1,"(500 г/л МЦПА кислоты (смесь диметиламинной, калиевой, натриевой солей)","[{""name"": ""МЦПА кислоты ( смесь диметиламинной, калиевой, натриевой солей"", ""concentration"": 500.0, ""unit"": ""г/л"", ""is_antidote"": false}]",malformed_delimiters,malformed_delimiters,Unbalanced parentheses indicate truncated or malformed source composition text.,no,yes,yes,No parser rewrite; warning preserved to avoid hiding source-data corruption.,still_flagged_manual_review,Manual source-data review required before changing concentrations or substance names. Risk if left unchanged: Truncated or unbalanced text may omit substances or concentrations; unsafe for agronomic decisions without review.
herbicides,Гербитокс,гербитокс-021-03-4449-0,"(500 г/л МЦПА кислоты (смесь диметиламинной, калиевой, натриевой солей)","[{""name"": ""МЦПА кислоты ( смесь диметиламинной, калиевой, натриевой солей"", ""concentration"": 500.0, ""unit"": ""г/л"", ""is_antidote"": false}]",malformed_delimiters,malformed_delimiters,Unbalanced parentheses indicate truncated or malformed source composition text.,no,yes,yes,No parser rewrite; warning preserved to avoid hiding source-data corruption.,still_flagged_manual_review,Manual source-data review required before changing concentrations or substance names. Risk if left unchanged: Truncated or unbalanced text may omit substances or concentrations; unsafe for agronomic decisions without review.
herbicides,Агритокс,агритокс-024-03-2107-1,"(500 г/л МЦПА кислоты (смесь диметиламинной, калиевой, натриевой солей)","[{""name"": ""МЦПА кислоты ( смесь диметиламинной, калиевой, натриевой солей"", ""concentration"": 500.0, ""unit"": ""г/л"", ""is_antidote"": false}]",malformed_delimiters,malformed_delimiters,Unbalanced parentheses indicate truncated or malformed source composition text.,no,yes,yes,No parser rewrite; warning preserved to avoid hiding source-data corruption.,still_flagged_manual_review,Manual source-data review required before changing concentrations or substance names. Risk if left unchanged: Truncated or unbalanced text may omit substances or concentrations; unsafe for agronomic decisions without review.
herbicides,Аметил,аметил-097-03-2421-1,"(500 г/л МЦПА кислоты (смесь диметиламинной, калиевой, натриевой солей)","[{""name"": ""МЦПА кислоты ( смесь диметиламинной, калиевой, натриевой солей"", ""concentration"": 500.0, ""unit"": ""г/л"", ""is_antidote"": false}]",malformed_delimiters,malformed_delimiters,Unbalanced parentheses indicate truncated or malformed source composition text.,no,yes,yes,No parser rewrite; warning preserved to avoid hiding source-data corruption.,still_flagged_manual_review,Manual source-data review required before changing concentrations or substance names. Risk if left unchanged: Truncated or unbalanced text may omit substances or concentrations; unsafe for agronomic decisions without review.
herbicides,Агрошанс,агрошанс-126-03-3168-1,"(500 г/л МЦПА кислоты (смесь диметиламинной, калиевой, натриевой солей)","[{""name"": ""МЦПА кислоты ( смесь диметиламинной, калиевой, натриевой солей"", ""concentration"": 500.0, ""unit"": ""г/л"", ""is_antidote"": false}]",malformed_delimiters,malformed_delimiters,Unbalanced parentheses indicate truncated or malformed source composition text.,no,yes,yes,No parser rewrite; warning preserved to avoid hiding source-data corruption.,still_flagged_manual_review,Manual source-data review required before changing concentrations or substance names. Risk if left unchanged: Truncated or unbalanced text may omit substances or concentrations; unsafe for agronomic decisions without review.
herbicides,Антарес,антарес-050-360-03-3156-1,"(500 г/л МЦПА кислоты (смесь диметиламинной, калиевой, натриевой солей)","[{""name"": ""МЦПА кислоты ( смесь диметиламинной, калиевой, натриевой солей"", ""concentration"": 500.0, ""unit"": ""г/л"", ""is_antidote"": false}]",malformed_delimiters,malformed_delimiters,Unbalanced parentheses indicate truncated or malformed source composition text.,no,yes,yes,No parser rewrite; warning preserved to avoid hiding source-data corruption.,still_flagged_manual_review,Manual source-data review required before changing concentrations or substance names. Risk if left unchanged: Truncated or unbalanced text may omit substances or concentrations; unsafe for agronomic decisions without review.
herbicides,Властелин,властелин-085-03-3500-1,"(500 г/л МЦПА кислоты (смесь диметиламинной, калиевой, натриевой солей)","[{""name"": ""МЦПА кислоты ( смесь диметиламинной, калиевой, натриевой солей"", ""concentration"": 500.0, ""unit"": ""г/л"", ""is_antidote"": false}]",malformed_delimiters,malformed_delimiters,Unbalanced parentheses indicate truncated or malformed source composition text.,no,yes,yes,No parser rewrite; warning preserved to avoid hiding source-data corruption.,still_flagged_manual_review,Manual source-data review required before changing concentrations or substance names. Risk if left unchanged: Truncated or unbalanced text may omit substances or concentrations; unsafe for agronomic decisions without review.
herbicides,Гербикс,гербикс-082-03-3886-1,"(500 г/л МЦПА кислоты (смесь диметиламинной, калиевой, натриевой солей)","[{""name"": ""МЦПА кислоты ( смесь диметиламинной, калиевой, натриевой солей"", ""concentration"": 500.0, ""unit"": ""г/л"", ""is_antidote"": false}]",malformed_delimiters,malformed_delimiters,Unbalanced parentheses indicate truncated or malformed source composition text.,no,yes,yes,No parser rewrite; warning preserved to avoid hiding source-data corruption.,still_flagged_manual_review,Manual source-data review required before changing concentrations or substance names. Risk if left unchanged: Truncated or unbalanced text may omit substances or concentrations; unsafe for agronomic decisions without review.
herbicides,Момус,момус-178-03-3879-0,"(500 г/л МЦПА кислоты (смесь диметиламинной, калиевой, натриевой солей)","[{""name"": ""МЦПА кислоты ( смесь диметиламинной, калиевой, натриевой солей"", ""concentration"": 500.0, ""unit"": ""г/л"", ""is_antidote"": false}]",malformed_delimiters,malformed_delimiters,Unbalanced parentheses indicate truncated or malformed source composition text.,no,yes,yes,No parser rewrite; warning preserved to avoid hiding source-data corruption.,still_flagged_manual_review,Manual source-data review required before changing concentrations or substance names. Risk if left unchanged: Truncated or unbalanced text may omit substances or concentrations; unsafe for agronomic decisions without review.
herbicides,Царумин,царумин-070-03-3840-1,"(500 г/л МЦПА кислоты (смесь диметиламинной, калиевой, натриевой солей)","[{""name"": ""МЦПА кислоты ( смесь диметиламинной, калиевой, натриевой солей"", ""concentration"": 500.0, ""unit"": ""г/л"", ""is_antidote"": false}]",malformed_delimiters,malformed_delimiters,Unbalanced parentheses indicate truncated or malformed source composition text.,no,yes,yes,No parser rewrite; warning preserved to avoid hiding source-data corruption.,still_flagged_manual_review,Manual source-data review required before changing concentrations or substance names. Risk if left unchanged: Truncated or unbalanced text may omit substances or concentrations; unsafe for agronomic decisions without review.
herbicides,Момус,момус-178-03-4995-1,"(500 г/л МЦПА кислоты (смесь диметиламинной, калиевой, натриевой солей)","[{""name"": ""МЦПА кислоты ( смесь диметиламинной, калиевой, натриевой солей"", ""concentration"": 500.0, ""unit"": ""г/л"", ""is_antidote"": false}]",malformed_delimiters,malformed_delimiters,Unbalanced parentheses indicate truncated or malformed source composition text.,no,yes,yes,No parser rewrite; warning preserved to avoid hiding source-data corruption.,still_flagged_manual_review,Manual source-data review required before changing concentrations or substance names. Risk if left unchanged: Truncated or unbalanced text may omit substances or concentrations; unsafe for agronomic decisions without review.
herbicides,Милагро Плюс,милагро-плюс-041-03-2979-1,(50 г/л никосульфурон + 220 г/л Дикамба (натриевая соль),"[{""name"": ""никосульфурон"", ""concentration"": 50.0, ""unit"": ""г/л"", ""is_antidote"": false}, {""name"": ""Дикамба ( натриевая соль"", ""concentration"": 220.0, ""unit"": ""г/л"", ""is_antidote"": false}]",malformed_delimiters,malformed_delimiters,Unbalanced parentheses indicate truncated or malformed source composition text.,no,yes,yes,No parser rewrite; warning preserved to avoid hiding source-data corruption.,still_flagged_manual_review,Manual source-data review required before changing concentrations or substance names. Risk if left unchanged: Truncated or unbalanced text may omit substances or concentrations; unsafe for agronomic decisions without review.
herbicides,Алебарда,алебарда-197-03-4271-0,(23 г/л Пиноксаден + 23 г/л феноксапроп-П-этил + 6 г/л антидот – клоквинтосет-мексил),"[{""name"": ""Пиноксаден"", ""concentration"": 23.0, ""unit"": ""г/л"", ""is_antidote"": false}, {""name"": ""феноксапроп - П - этил"", ""concentration"": 23.0, ""unit"": ""г/л"", ""is_antidote"": false}, {""name"": ""клоквинтосет - мексил"", ""concentration"": 6.0, ""unit"": ""г/л"", ""is_antidote"": true}]",false_positive_warning,malformed_delimiters,Typography-only en dash in the antidote prefix was reported as malformed even though parsing was otherwise safe.,yes,no,no,Stopped raising malformed_delimiters for dash-character normalization alone.,clean_after_fix,False positive removed; normal hyphenated substance names remain protected by known-substance checks. Risk if left unchanged: Audit noise only; may distract reviewers if left unchanged.
herbicides,Аксакал Практик,аксакал-практик-002-03-4340-0,(50 г/л Пиноксаден + 50 г/л феноксапроп-П-этил + 25 г/л антидот – клоквинтосет-мексил),"[{""name"": ""Пиноксаден"", ""concentration"": 50.0, ""unit"": ""г/л"", ""is_antidote"": false}, {""name"": ""феноксапроп - П - этил"", ""concentration"": 50.0, ""unit"": ""г/л"", ""is_antidote"": false}, {""name"": ""клоквинтосет - мексил"", ""concentration"": 25.0, ""unit"": ""г/л"", ""is_antidote"": true}]",false_positive_warning,malformed_delimiters,Typography-only en dash in the antidote prefix was reported as malformed even though parsing was otherwise safe.,yes,no,no,Stopped raising malformed_delimiters for dash-character normalization alone.,clean_after_fix,False positive removed; normal hyphenated substance names remain protected by known-substance checks. Risk if left unchanged: Audit noise only; may distract reviewers if left unchanged.
herbicides,Анкор-85,анкор-85-111-03-2523-1,(750 г/кг Сульфометурон-метила кислота (калиевая соль),"[{""name"": ""Сульфометурон - метила кислота ( калиевая соль"", ""concentration"": 750.0, ""unit"": ""г/кг"", ""is_antidote"": false}]",malformed_delimiters,malformed_delimiters,Unbalanced parentheses indicate truncated or malformed source composition text.,no,yes,yes,No parser rewrite; warning preserved to avoid hiding source-data corruption.,still_flagged_manual_review,Manual source-data review required before changing concentrations or substance names. Risk if left unchanged: Truncated or unbalanced text may omit substances or concentrations; unsafe for agronomic decisions without review.
herbicides,"Тербутилазин + 2,4-Д кислота (2-этилгексиловый эфир) + клопиралид (2-этилгексиловый эфир) + никосульфурон Корнеги Плюс",тербутилазин-2-4-д-кислота-2-этилгексиловый-эфир-клопиралид-2-этилгексиловый-эфир-никосульфурон-корнеги-плюс-018-03-4646-1,"(250 г/л тербутилазин + 80 г/л 2,4-Д кислота (2-этилгексиловый эфир)","[{""name"": ""тербутилазин"", ""concentration"": 250.0, ""unit"": ""г/л"", ""is_antidote"": false}, {""name"": ""2,4 - Д кислота ( 2 - этилгексиловый эфир"", ""concentration"": 80.0, ""unit"": ""г/л"", ""is_antidote"": false}]",malformed_delimiters,malformed_delimiters,Unbalanced parentheses indicate truncated or malformed source composition text.,no,yes,yes,No parser rewrite; warning preserved to avoid hiding source-data corruption.,still_flagged_manual_review,Manual source-data review required before changing concentrations or substance names. Risk if left unchanged: Truncated or unbalanced text may omit substances or concentrations; unsafe for agronomic decisions without review.
herbicides,"Тербутилазин + 2,4-Д кислота (2-этилгексиловый эфир) + никосульфурон Корнеги",тербутилазин-2-4-д-кислота-2-этилгексиловый-эфир-никосульфурон-корнеги-018-03-2258-1,"(250 г/л тербутилазин + 80 г/л 2,4-Д кислота (2-этилгексиловый эфир)","[{""name"": ""тербутилазин"", ""concentration"": 250.0, ""unit"": ""г/л"", ""is_antidote"": false}, {""name"": ""2,4 - Д кислота ( 2 - этилгексиловый эфир"", ""concentration"": 80.0, ""unit"": ""г/л"", ""is_antidote"": false}]",malformed_delimiters,malformed_delimiters,Unbalanced parentheses indicate truncated or malformed source composition text.,no,yes,yes,No parser rewrite; warning preserved to avoid hiding source-data corruption.,still_flagged_manual_review,Manual source-data review required before changing concentrations or substance names. Risk if left unchanged: Truncated or unbalanced text may omit substances or concentrations; unsafe for agronomic decisions without review.
herbicides,Зеагран 350,зеагран-350-024-03-1581-1,(250 г/л тербутилазин + 100 г/л бромоксинил (смесь эфиров октаноата и гептаноата),"[{""name"": ""тербутилазин"", ""concentration"": 250.0, ""unit"": ""г/л"", ""is_antidote"": false}, {""name"": ""бромоксинил ( смесь эфиров октаноата и гептаноата"", ""concentration"": 100.0, ""unit"": ""г/л"", ""is_antidote"": false}]",malformed_delimiters,malformed_delimiters,Unbalanced parentheses indicate truncated or malformed source composition text.,no,yes,yes,No parser rewrite; warning preserved to avoid hiding source-data corruption.,still_flagged_manual_review,Manual source-data review required before changing concentrations or substance names. Risk if left unchanged: Truncated or unbalanced text may omit substances or concentrations; unsafe for agronomic decisions without review.
herbicides,Камаро,камаро-156-03-1927-1,"(6,25 г/л флорасулам + 300 г/л 2,4-Д (сложный 2-этилгексиловый эфир)","[{""name"": ""флорасулам"", ""concentration"": 6.25, ""unit"": ""г/л"", ""is_antidote"": false}, {""name"": ""2,4 - Д ( сложный 2 - этилгексиловый эфир"", ""concentration"": 300.0, ""unit"": ""г/л"", ""is_antidote"": false}]",malformed_delimiters,malformed_delimiters,Unbalanced parentheses indicate truncated or malformed source composition text.,no,yes,yes,No parser rewrite; warning preserved to avoid hiding source-data corruption.,still_flagged_manual_review,Manual source-data review required before changing concentrations or substance names. Risk if left unchanged: Truncated or unbalanced text may omit substances or concentrations; unsafe for agronomic decisions without review.
herbicides,"Флорасулам + 2,4-Д кислоты (2-этилгексиловый эфир) Премьера",флорасулам-2-4-д-кислоты-2-этилгексиловый-эфир-премьера-006-03-710-1,"(6,25 г/л флорасулам + 300 г/л 2,4-Д кислоты (2-этилгексиловый эфир)","[{""name"": ""флорасулам"", ""concentration"": 6.25, ""unit"": ""г/л"", ""is_antidote"": false}, {""name"": ""2,4 - Д кислоты ( 2 - этилгексиловый эфир"", ""concentration"": 300.0, ""unit"": ""г/л"", ""is_antidote"": false}]",malformed_delimiters,malformed_delimiters,Unbalanced parentheses indicate truncated or malformed source composition text.,no,yes,yes,No parser rewrite; warning preserved to avoid hiding source-data corruption.,still_flagged_manual_review,Manual source-data review required before changing concentrations or substance names. Risk if left unchanged: Truncated or unbalanced text may omit substances or concentrations; unsafe for agronomic decisions without review.
herbicides,Ассолюта,ассолюта-178-03-2167-1,"(5,35 г/л флорасулам + 300 г/л 2,4-Д кислоты (2-этилгексиловый эфир)","[{""name"": ""флорасулам"", ""concentration"": 5.35, ""unit"": ""г/л"", ""is_antidote"": false}, {""name"": ""2,4 - Д кислоты ( 2 - этилгексиловый эфир"", ""concentration"": 300.0, ""unit"": ""г/л"", ""is_antidote"": false}]",malformed_delimiters,malformed_delimiters,Unbalanced parentheses indicate truncated or malformed source composition text.,no,yes,yes,No parser rewrite; warning preserved to avoid hiding source-data corruption.,still_flagged_manual_review,Manual source-data review required before changing concentrations or substance names. Risk if left unchanged: Truncated or unbalanced text may omit substances or concentrations; unsafe for agronomic decisions without review.
herbicides,Флекс,флекс-041-03-3000-1,(250 г/л Фомесафен (натриевая соль),"[{""name"": ""Фомесафен ( натриевая соль"", ""concentration"": 250.0, ""unit"": ""г/л"", ""is_antidote"": false}]",malformed_delimiters,malformed_delimiters,Unbalanced parentheses indicate truncated or malformed source composition text.,no,yes,yes,No parser rewrite; warning preserved to avoid hiding source-data corruption.,still_flagged_manual_review,Manual source-data review required before changing concentrations or substance names. Risk if left unchanged: Truncated or unbalanced text may omit substances or concentrations; unsafe for agronomic decisions without review.
fungicides,БФТИМ КС-2,бфтим-кс-2-430-02-1644-1,1х10⁹ КОЕ/Мл Bacillus amyloliquefaciens КС-2 + 1х10⁹ КОЕ/Мл Bacillus amyloliquefaciens КС-2,[],repeated_fragment,repeated_fragment,The same composition fragment or block is repeated exactly in the source composition field.,yes,yes,yes,Generic parser deduplication keeps one identical fragment for parsed output; warning remains because source row is corrupted.,still_flagged_manual_review,"Safe automatic parser handling, but source Excel still needs review. Risk if left unchanged: Duplicate components could confuse downstream displays if deduplication were removed; source remains misleading."
fungicides,Бактофорт,бактофорт-283-02-2257-1,"2,5×10⁹ КОЕ/Мл Bacillus subtilis, штаммВ-2918 + 2,5×10⁹ КОЕ/Мл Bacillus amyloliquefaciens, штаммИМВВ-7100",[],false_positive_warning,repeated_fragment,"Multiplication sign in biological titre was treated as a component separator, creating a false repeated-fragment warning.",yes,no,no,"Changed normalization so ×/* become separators only when surrounded by spaces; scientific notation such as 2,5×10⁹ stays intact.",clean_after_fix,False positive removed; no active substance or concentration was invented. Risk if left unchanged: Audit noise only; may distract reviewers if left unchanged.
fungicides,Биокомпозит-Про,биокомпозит-про-018-02-3837-1,"10⁹ КОЕ/Мл Pseudomonas asplenii, штамм 11 RW (ВКПМ В-13395",[],malformed_delimiters,malformed_delimiters,Unbalanced parentheses indicate truncated or malformed source composition text.,no,yes,yes,No parser rewrite; warning preserved to avoid hiding source-data corruption.,still_flagged_manual_review,Manual source-data review required before changing concentrations or substance names. Risk if left unchanged: Truncated or unbalanced text may omit substances or concentrations; unsafe for agronomic decisions without review.
fungicides,Бисолбицид,бисолбицид-174-02-1916-1,"0,108 КОЕ/Мл Bacillus subtilis, штамм ВL01 + 0,108 КОЕ/Мл Bacillus subtilis, штамм ВL01",[],repeated_fragment,repeated_fragment,The same composition fragment or block is repeated exactly in the source composition field.,yes,yes,yes,Generic parser deduplication keeps one identical fragment for parsed output; warning remains because source row is corrupted.,still_flagged_manual_review,"Safe automatic parser handling, but source Excel still needs review. Risk if left unchanged: Duplicate components could confuse downstream displays if deduplication were removed; source remains misleading."
fungicides,Кагатник,кагатник-018-02-3295-1,300 г/л Бензойная кислота (в виде триэтаноламинной соли,"[{""name"": ""Бензойная кислота ( в виде триэтаноламинной соли"", ""concentration"": 300.0, ""unit"": ""г/л"", ""is_antidote"": false}]",malformed_delimiters,malformed_delimiters,Unbalanced parentheses indicate truncated or malformed source composition text.,no,yes,yes,No parser rewrite; warning preserved to avoid hiding source-data corruption.,still_flagged_manual_review,Manual source-data review required before changing concentrations or substance names. Risk if left unchanged: Truncated or unbalanced text may omit substances or concentrations; unsafe for agronomic decisions without review.
fungicides,Фитолекарь,фитолекарь-064-02-4922-1,ФЛО (250 г/л Флутриафол,[],malformed_delimiters,malformed_delimiters,Unbalanced parentheses indicate truncated or malformed source composition text.,no,yes,yes,No parser rewrite; warning preserved to avoid hiding source-data corruption.,still_flagged_manual_review,Manual source-data review required before changing concentrations or substance names. Risk if left unchanged: Truncated or unbalanced text may omit substances or concentrations; unsafe for agronomic decisions without review.
insecticides,Инсетим,инсетим,"(2х10⁹ КОЕ/см³ Bacillus thuringiensis, subsp.",[],malformed_delimiters,malformed_delimiters,Unbalanced parentheses indicate truncated or malformed source composition text.,no,yes,yes,No parser rewrite; warning preserved to avoid hiding source-data corruption.,still_flagged_manual_review,Manual source-data review required before changing concentrations or substance names. Risk if left unchanged: Truncated or unbalanced text may omit substances or concentrations; unsafe for agronomic decisions without review.
insecticides,Биостоп,биостоп,(10х10⁸ КОЕ/Мл Beauveria bassiana + 10х10⁹ КОЕ/Мл Bacillus,[],malformed_delimiters,malformed_delimiters,Unbalanced parentheses indicate truncated or malformed source composition text.,no,yes,yes,No parser rewrite; warning preserved to avoid hiding source-data corruption.,still_flagged_manual_review,Manual source-data review required before changing concentrations or substance names. Risk if left unchanged: Truncated or unbalanced text may omit substances or concentrations; unsafe for agronomic decisions without review.
insecticides,Клотиамет Дуо,клотиамет-дуо,(100 г/л лямбда-цигалотрин + 140,"[{""name"": ""лямбда-цигалотрин"", ""concentration"": 100.0, ""unit"": ""г/л"", ""is_antidote"": false}]",malformed_delimiters,malformed_delimiters,Unbalanced parentheses indicate truncated or malformed source composition text.,no,yes,yes,No parser rewrite; warning preserved to avoid hiding source-data corruption.,still_flagged_manual_review,Manual source-data review required before changing concentrations or substance names. Risk if left unchanged: Truncated or unbalanced text may omit substances or concentrations; unsafe for agronomic decisions without review.
insecticides,Доктор Харвест Форте Про,доктор-харвест-форте-про-909-01-4367-1,(30 г/л Пиретрины натуральные масляный экстракт + 30 г/л Пиретрины натуральные масляный экстракт),"[{""name"": ""Пиретрины натуральные масляный экстракт"", ""concentration"": 30.0, ""unit"": ""г/л"", ""is_antidote"": false}]",repeated_fragment,repeated_fragment,The same composition fragment or block is repeated exactly in the source composition field.,yes,yes,yes,Generic parser deduplication keeps one identical fragment for parsed output; warning remains because source row is corrupted.,still_flagged_manual_review,"Safe automatic parser handling, but source Excel still needs review. Risk if left unchanged: Duplicate components could confuse downstream displays if deduplication were removed; source remains misleading."
insecticides,Фипроксам,фипроксам,(350 г/л Тиаметоксам +,"[{""name"": ""Тиаметоксам"", ""concentration"": 350.0, ""unit"": ""г/л"", ""is_antidote"": false}]",malformed_delimiters,malformed_delimiters,Unbalanced parentheses indicate truncated or malformed source composition text.,no,yes,yes,No parser rewrite; warning preserved to avoid hiding source-data corruption.,still_flagged_manual_review,Manual source-data review required before changing concentrations or substance names. Risk if left unchanged: Truncated or unbalanced text may omit substances or concentrations; unsafe for agronomic decisions without review.
seed-treatments,Респекта,респекта,"(5 млрд/Мл Bacillus amyloliquefaciens + 0,5",[],malformed_delimiters,malformed_delimiters,Unbalanced parentheses indicate truncated or malformed source composition text.,no,yes,yes,No parser rewrite; warning preserved to avoid hiding source-data corruption.,still_flagged_manual_review,Manual source-data review required before changing concentrations or substance names. Risk if left unchanged: Truncated or unbalanced text may omit substances or concentrations; unsafe for agronomic decisions without review.
seed-treatments,БФТИМ КС-2,бфтим-кс-2-430-02-1644-1,(1х10⁹ КОЕ/Мл Bacillus amyloliquefaciens КС-2 + 1х10⁹ КОЕ/Мл Bacillus amyloliquefaciens КС-2),[],repeated_fragment,repeated_fragment,The same composition fragment or block is repeated exactly in the source composition field.,yes,yes,yes,Generic parser deduplication keeps one identical fragment for parsed output; warning remains because source row is corrupted.,still_flagged_manual_review,"Safe automatic parser handling, but source Excel still needs review. Risk if left unchanged: Duplicate components could confuse downstream displays if deduplication were removed; source remains misleading."
seed-treatments,Бисолбицид,бисолбицид-174-02-1916-1,"(0,108 КОЕ/Мл Bacillus subtilis, штамм ВL01 + 0,108 КОЕ/Мл Bacillus subtilis, штамм ВL01)",[],repeated_fragment,repeated_fragment,The same composition fragment or block is repeated exactly in the source composition field.,yes,yes,yes,Generic parser deduplication keeps one identical fragment for parsed output; warning remains because source row is corrupted.,still_flagged_manual_review,"Safe automatic parser handling, but source Excel still needs review. Risk if left unchanged: Duplicate components could confuse downstream displays if deduplication were removed; source remains misleading."
seed-treatments,Бактофит,бактофит,(2×10⁹ спор/Мл Bacillus,[],malformed_delimiters,malformed_delimiters,Unbalanced parentheses indicate truncated or malformed source composition text.,no,yes,yes,No parser rewrite; warning preserved to avoid hiding source-data corruption.,still_flagged_manual_review,Manual source-data review required before changing concentrations or substance names. Risk if left unchanged: Truncated or unbalanced text may omit substances or concentrations; unsafe for agronomic decisions without review.
seed-treatments,Бактофит,бактофит-034-02-3860-1,(2×10⁹ спор/Мл Bacillus,[],malformed_delimiters,malformed_delimiters,Unbalanced parentheses indicate truncated or malformed source composition text.,no,yes,yes,No parser rewrite; warning preserved to avoid hiding source-data corruption.,still_flagged_manual_review,Manual source-data review required before changing concentrations or substance names. Risk if left unchanged: Truncated or unbalanced text may omit substances or concentrations; unsafe for agronomic decisions without review.
seed-treatments,Метабактерин,метабактерин-495-02-1941-1,"(10¹⁰ КОЕ/г Methylobacteriumextorque nsNVDBKMB-2879 D + 0,5 г/кг ВалидамицинStreptomyce shygroscopicussubsp, «limoneus» ВКПМАС-1966 + 10¹⁰ КОЕ/г BacillussubtilisВКПМВ-2","[{""name"": ""ВалидамицинStreptomyce shygroscopicussubsp, «limoneus» ВКПМАС - 1966"", ""concentration"": 0.5, ""unit"": ""г/кг"", ""is_antidote"": false}]",malformed_delimiters,malformed_delimiters,Unbalanced parentheses indicate truncated or malformed source composition text.,no,yes,yes,No parser rewrite; warning preserved to avoid hiding source-data corruption.,still_flagged_manual_review,Manual source-data review required before changing concentrations or substance names. Risk if left unchanged: Truncated or unbalanced text may omit substances or concentrations; unsafe for agronomic decisions without review.
seed-treatments,Протект Комби,протект-комби-178-02-4527-1,"(48 г/л Пираклостробин - протиоконазол + 55 г/л Флудиоксонил + 37,5 г/л Тебуконазол + 48 г/л Пираклостробин - протиоконазол + 55 г/л Флудиоксонил + 37,5 г/л Тебуконазол + 48 г/л Пираклостробин - протиоконазол + 55 г/л Флудиоксонил + 37,5 г/л Тебуконазол + 48 г/л Пираклостробин - протиоконазол + 55 г/л Флудиоксонил + 37,5 г/л Тебуконазол)","[{""name"": ""Пираклостробин"", ""concentration"": 48.0, ""unit"": ""г/л"", ""is_antidote"": false, ""source_fragment"": ""Пираклостробин - протиоконазол""}, {""name"": ""протиоконазол"", ""concentration"": null, ""unit"": null, ""is_antidote"": false, ""concentration_unresolved"": true, ""concentration_note"": ""Концентрация не указана в исходном поле состава"", ""source_fragment"": ""Пираклостробин - протиоконазол""}, {""name"": ""Флудиоксонил"", ""concentration"": 55.0, ""unit"": ""г/л"", ""is_antidote"": false}, {""name"": ""Тебуконазол"", ""concentration"": 37.5, ""unit"": ""г/л"", ""is_antidote"": false}]",unresolved_concentration,joined_known_substances;repeated_fragment;unresolved_concentration,One source concentration is attached to a fragment containing two known active substances; the second substance has no separate concentration.,partial,yes,yes,Kept generic known-substance split and preserved the second concentration as None; did not guess missing concentration.,still_flagged_manual_review,Also contains exact repeated blocks that the parser deduplicates for parsing only. Risk if left unchanged: Could imply a false concentration for one active substance if guessed; current parser safely leaves it unresolved.
seed-treatments,Фипроксам,фипроксам,(350 г/л Тиаметоксам +,"[{""name"": ""Тиаметоксам"", ""concentration"": 350.0, ""unit"": ""г/л"", ""is_antidote"": false}]",malformed_delimiters,malformed_delimiters,Unbalanced parentheses indicate truncated or malformed source composition text.,no,yes,yes,No parser rewrite; warning preserved to avoid hiding source-data corruption.,still_flagged_manual_review,Manual source-data review required before changing concentrations or substance names. Risk if left unchanged: Truncated or unbalanced text may omit substances or concentrations; unsafe for agronomic decisions without review.
